"","member_id","name","username","redo"
"1",117,"Peter Bottomley","pbottomleymp",FALSE
"2",1501,"Roberta Blackman-Woods","blackmanwoods",FALSE
"3",1502,"David Jones","davidjonesmp",FALSE
"4",1508,"Geoffrey Cox","geoffrey_cox",FALSE
"5",151,"Thomas Brake","thomasbrake",FALSE
"6",1527,"John Carswell","douglascarswell",FALSE
"7",4013,"Gavin Shuker","gavinshuker",FALSE
"8",4035,"Steve Rotheram","steve_rotheram",FALSE
"9",4037,"Tom Blenkinsop","tomblenkinsop",FALSE
"10",4052,"Mark Pawsey","markpawsey",FALSE
"11",4377,"Stuart Donaldson","stubdonaldson",FALSE
"12",4391,"Judith Cummins","judithcummins",FALSE
"13",4434,"Stephen Gethins","stephengethins",FALSE
"14",4436,"Catherine Smith","catsmithmp",FALSE
"15",4492,"Maria Caulfield","mariacaulfield",FALSE
"16",4515,"Kate Osamor","kateosamor",FALSE
"17",4522,"Rebecca Clark (Pow)","pow_rebecca",FALSE
"18",4523,"Catherine West","catherinewest1",FALSE
"19",4524,"Peter Heaton-Jones","peternorthdevon",FALSE
"20",4525,"Christina Rees","rees4neath",FALSE
"21",4526,"David Warburton","djwarburton",FALSE
"22",4527,"Helen Whately","helen_whately",FALSE
"23",4528,"James Heappey","jsheappey",FALSE
"24",4529,"Craig Mackinlay","cmackinlay",FALSE
"25",4530,"Michelle Donelan","michelledonelan",FALSE
"26",4531,"Anne-Marie Trevelyan","annietrev",FALSE
"27",4611,"Emma Little Pengelly","little_pengelly",FALSE
"28",4615,"Lloyd Russell-Moyle","lloyd_rm",FALSE
"29",4616,"Rosemary Duffield","rosieduffield1",FALSE
"30",4625,"Paul Masterton","pmasterton1985",FALSE
"31",4626,"Martin Whitfield","_mwhitfield",FALSE
"32",4634,"Christine Jardine","cajardinemp",FALSE
"33",4654,"Mathew Rodda","mattrodda",FALSE
"34",4667,"Michael Amesbury","mikeamesbury",FALSE
